log_id,log_ts,user_id,endpoint,response_code,response_time_ms,hospital_region,visit_id
L2001,2025-12-01 09:06:10,U101,/api/registration,200,220,South,V1001
L2002,2025-12-01 09:28:44,U102,/api/triage,200,310,North,V1002
L2003,2025-12-01 10:05:21,U103,/api/labs,200,180,West,V1003
L2004,2025-12-01 10:47:55,U104,/api/billing,500,910,East,V1004
L2005,2025-12-01 11:14:30,U105,/api/registration,200,140,South,V1005
L2006,2025-12-01 11:36:18,U102,/api/triage,401,120,North,V1006
L2007,2025-12-01 12:20:02,U106,/api/labs,200,610,West,V1007
L2008,2025-12-01 12:41:45,U107,/api/billing,400,430,East,V1008
L2009,2025-12-01 13:15:11,U108,/api/labs,200,720,South,V1009
L2010,2025-12-01 13:45:09,U109,/api/billing,200,520,North,V1010
