visit_id,visit_ts,hospital_region,department,patient_id,doctor_id,charge_amount,payment_status,length_of_stay_days
V1001,2025-12-01 09:05:10,South,Cardiology,P001,D011,12500.00,PAID,3
V1002,2025-12-01 09:25:44,North,Emergency,P002,D014,3200.00,PENDING,1
V1003,2025-12-01 10:01:21,West,Orthopedics,P003,D021,7800.00,PAID,2
V1004,2025-12-01 10:44:55,East,Neurology,P004,D031,15600.00,DENIED,4
V1005,2025-12-01 11:12:30,South,Pediatrics,P005,D041,,PAID,1
V1006,2025-12-01 11:35:18,North,Emergency,P006,D014,0.00,PENDING,1
V1007,2025-12-01 12:17:02,West,Cardiology,P007,D011,9200.00,PAID,2
V1008,2025-12-01 12:38:45,East,Emergency,P008,D014,4100.00,PAID,1
V1009,2025-12-01 13:10:11,South,Orthopedics,P009,D021,6500.00,PENDING,2
V1010,2025-12-01 13:42:09,North,Neurology,P010,D031,18100.00,PAID,5
